id,etiqueta,categoria,estilo,asunto,cuerpo,texto_normalizado,palabras_objetivo
caso_1,spam,un sorteo o lotería falsa que asegura que la persona ganó algo,cercano e informal,Felicitaciones por tu suerte,"Hola, quería decirte que eres el ganador del sorteo de la empresa Fantasía S.L. Te aseguro que recibirás el premio de dinero de inmediato. Solo tienes que envía tus datos para completar el proceso. No pierdas la oportunidad, actúa ahora mismo. Saludos cordiales.",felicitaciones suerte hola queria decirte eres ganador sorteo empresa fantasia s l aseguro recibiras premio dinero inmediato solo tienes envia datos completar proceso no pierdas oportunidad actua ahora mismo saludos cordiales,felicitaciones|ganador|premio|dinero|inmediato|datos
caso_2,ham,una confirmación de compra de una tienda en línea,formal,Confirmación de tu pedido en Solara Textil,"Te confirmamos que tu pedido ha sido procesado correctamente y el pago se ha registrado sin incidencias. Te enviamos la factura detallada para que la revises y la guardes en tu archivo. Si tienes cualquier duda sobre las políticas de devolución, puedes consultarlas en la sección de ayuda. Recuerda que tu comunidad de clientes accede a un descuento adicional en la próxima temporada. Agradecemos tu confianza y esperamos que disfrutes tu nueva prenda.",confirmacion pedido solara textil confirmamos pedido sido procesado correctamente pago registrado sin incidencias enviamos factura detallada revises guardes archivo tienes cualquier duda sobre politicas devolucion puedes consultarlas seccion ayuda recuerda comunidad clientes accede descuento adicional proxima temporada agradecemos confianza esperamos disfrutes nueva prenda,factura|pago|comunidad|politicas|descuento
caso_3,ham,una alerta de seguridad real de un banco a su cliente,formal,Alerta de seguridad: actividad inusual detectada,"Te contactamos para informarte sobre una actividad urgente relacionada con tu cuenta. Recuerda que nunca pediremos tus datos por este medio. Por tu seguridad, no hagas clic en enlaces desconocidos. También debes tener presente que nunca compartas tu contraseña con nadie. Confirma tus operaciones directamente desde la app oficial de Bancos Virtuales.",alerta seguridad actividad inusual detectada contactamos informarte sobre actividad urgente relacionada cuenta recuerda nunca pediremos datos medio seguridad no hagas clic enlaces desconocidos tambien debes tener presente nunca compartas contraseña nadie confirma operaciones directamente app oficial bancos virtuales,urgente|cuenta|datos|clic|contraseña
pru_001,ham,una promoción legítima de una tienda donde la persona ya es cliente,breve y directo,Resumen de tu cuenta y descuento,"Queremos que revises tu factura actual en tu cuenta para que confirmes con el equipo que las políticas aplicadas son correctas. Recuerda que tienes un descuento pendiente que puedes activar ahora mismo. Si necesitas aclarar algo tras la reunión virtual, envía un correo al soporte.",resumen cuenta descuento queremos revises factura actual cuenta confirmes equipo politicas aplicadas correctas recuerda tienes descuento pendiente puedes activar ahora mismo necesitas aclarar algo tras reunion virtual envia correo soporte,reunion|equipo|politicas|factura|cuenta|descuento
pru_002,ham,un correo de trabajo entre colegas,cercano e informal,Recuerdos rápidos,"Hola, revisa el informe antes de enviarlo a la comunidad. Aprovecha el descuento que tienen en la tienda. Recuerda evita hacer clic en enlaces sospechosos.",recuerdos rapidos hola revisa informe antes enviarlo comunidad aprovecha descuento tienen tienda recuerda evita hacer clic enlaces sospechosos,comunidad|informe|descuento|clic
pru_003,spam,una oferta fraudulenta demasiado buena para ser verdad,formal,Aviso urgente: eres el ganador,"Desde la firma Vexora Analytics, te comunicamos que eres el ganador de una selección interna. Es urgente que confirmes tu identidad para proceder con la validación. Revisa el estado de tu cuenta en el portal privado de la empresa. Envía tu número de referencia antes de que el proceso expire. Confirma los detalles con el director regional, Sr. Alan Torres, para evitar cualquier inconveniente. Quedamos a la espera de tu respuesta.",aviso urgente eres ganador firma vexora analytics comunicamos eres ganador seleccion interna urgente confirmes identidad proceder validacion revisa estado cuenta portal privado empresa envia numero referencia antes proceso expire confirma detalles director regional sr alan torres evitar cualquier inconveniente quedamos espera respuesta,ganador|urgente|cuenta
pru_004,ham,una confirmación de compra de una tienda en línea,breve y directo,Confirmación de compra en Zorba,Tu pedido ha sido procesado por nuestro equipo. El informe de envío llegará pronto a la comunidad de clientes. Recuerda que nunca compartas tu contraseña.,confirmacion compra zorba pedido sido procesado equipo informe envio llegara pronto comunidad clientes recuerda nunca compartas contraseña,comunidad|informe|equipo|contraseña
pru_005,spam,un cobro falso para que la persona pague o entregue información,formal,Aviso de felicitaciones,"En nombre de la empresa Ficticia Soluciones, te comunicamos que has sido seleccionado para recibir un premio gratis. Para reclamar tu dinero y el regalo, confirma tus detalles ahora mismo.",aviso felicitaciones nombre empresa ficticia soluciones comunicamos sido seleccionado recibir premio gratis reclamar dinero regalo confirma detalles ahora mismo,felicitaciones|premio|gratis|dinero|regalo
pru_006,spam,un intento de phishing que se hace pasar por un banco,breve y directo,Urgente: acceso inmediato,Eres el ganador de un premio gratis de la comunidad. Realiza el pago urgente para obtener acceso inmediato. Confirma tu decisión ahora mismo.,urgente acceso inmediato eres ganador premio gratis comunidad realiza pago urgente obtener acceso inmediato confirma decision ahora mismo,ganador|premio|pago|urgente|comunidad|inmediato|gratis
pru_007,ham,una confirmación de compra de una tienda en línea,cercano e informal,Tu pedido está listo para enviarse,¡Hola! Tu pedido en Tienda Luna ha sido procesado y ya saldrá en camino. Revisa las políticas de envío en el sitio para conocer los plazos de entrega.,pedido listo enviarse hola pedido tienda luna sido procesado saldra camino revisa politicas envio sitio conocer plazos entrega,politicas
pru_008,spam,un sorteo o lotería falsa que asegura que la persona ganó algo,breve y directo,Tu código de felicitaciones,Recibe tu factura de inmediato. Ingresa tu contraseña para finalizar.,codigo felicitaciones recibe factura inmediato ingresa contraseña finalizar,felicitaciones|inmediato|factura|contraseña
pru_009,ham,una promoción legítima de una tienda donde la persona ya es cliente,breve y directo,Actualización en tu cuenta,"Revisa tu nueva factura y confirma que la información sea correcta. Si tienes dudas sobre nuestras políticas, escríbenos para ayudar. protegemos tus datos.",actualizacion cuenta revisa nueva factura confirma informacion sea correcta tienes dudas sobre politicas escribenos ayudar protegemos datos,politicas|factura|cuenta|datos
pru_010,spam,un aviso falso de un paquete retenido en aduana,cercano e informal,Tu paquete está retenido,"Felicitaciones, tu envío de Zorro Express está en aduana y necesito tu pago urgente para liberarlo. Tienes acceso exclusivo a una tarifa gratis por ser parte de nuestra comunidad. Confirma la operación hoy mismo para evitar retrasos mayores.",paquete retenido felicitaciones envio zorro express aduana necesito pago urgente liberarlo tienes acceso exclusivo tarifa gratis ser parte comunidad confirma operacion hoy mismo evitar retrasos mayores,felicitaciones|gratis|urgente|exclusivo|comunidad|pago
pru_011,spam,un sorteo o lotería falsa que asegura que la persona ganó algo,cercano e informal,Tu premio está listo para reclamar,"Hola, aquí te aviso que te asignaron un premio en dinero para la campaña de Ventus Global. Necesitamos que actúes de forma urgente para no perder tu acceso exclusivo a esta oferta. Te pedimos que envía tus datos al formulario de Verónica para completar el proceso. Revisa tu cuenta cuando quieras para verificar el estado de tu solicitud. Confirma tus detalles antes de fin de semana para asegurar todo.",premio listo reclamar hola aqui aviso asignaron premio dinero campaña ventus global necesitamos actues forma urgente no perder acceso exclusivo oferta pedimos envia datos formulario veronica completar proceso revisa cuenta cuando quieras verificar estado solicitud confirma detalles antes fin semana asegurar todo,premio|dinero|urgente|exclusivo|cuenta|datos
pru_012,spam,una oferta fraudulenta demasiado buena para ser verdad,formal,Notificación de actualización de tu cuenta,"Para completar el pago de tu cuenta, envía tus datos a la dirección indicada. Confirma la información antes de continuar con el proceso. Gracias por tu colaboración.",notificacion actualizacion cuenta completar pago cuenta envia datos direccion indicada confirma informacion antes continuar proceso gracias colaboracion,cuenta|pago|datos
pru_013,ham,una alerta de seguridad real de un banco a su cliente,cercano e informal,Novedades de la comunidad,"Hola, te escribo desde el banco Solera para contarte que ya tienes un nuevo informe disponible. Queremos agradecerte por ser parte de nuestra comunidad fiel durante este año. Además, te hemos aplicado un descuento especial en tus comisiones futuras. Te pido que revises tu panel para confirmar los detalles. Cualquier duda, aquí estoy para ayudarte.",novedades comunidad hola escribo banco solera contarte tienes nuevo informe disponible queremos agradecerte ser parte comunidad fiel durante año ademas hemos aplicado descuento especial comisiones futuras pido revises panel confirmar detalles cualquier duda aqui estoy ayudarte,comunidad|informe|descuento
pru_014,spam,una oferta fraudulenta demasiado buena para ser verdad,formal,Notificación urgente de acceso exclusivo,Has sido seleccionado como ganador de una oferta que es gratis para ti. Te otorgamos un acceso exclusivo para que lo disfrutes sin esperar. Confirma tu participación hoy mismo.,notificacion urgente acceso exclusivo sido seleccionado ganador oferta gratis otorgamos acceso exclusivo disfrutes sin esperar confirma participacion hoy mismo,ganador|gratis|urgente|exclusivo
pru_015,ham,una promoción legítima de una tienda donde la persona ya es cliente,formal,Actualización de tu pedido en Vela y Cera,"Querido cliente de Vela y Cera, te informamos que tu factura ha sido generada correctamente tras la confirmación. Hemos aplicado el descuento que corresponde a tu fidelidad al momento del pago. Recuerda que nunca pediremos tus datos mediante mensajes no solicitados. Por tu seguridad, evita hacer clic en enlaces sospechosos si recibes notificaciones inusuales. Puedes revisar el detalle completo en la sección de pedidos de nuestra plataforma. Gracias por seguir eligiendo nuestros productos.",actualizacion pedido vela cera querido cliente vela cera informamos factura sido generada correctamente tras confirmacion hemos aplicado descuento corresponde fidelidad momento pago recuerda nunca pediremos datos mediante mensajes no solicitados seguridad evita hacer clic enlaces sospechosos recibes notificaciones inusuales puedes revisar detalle completo seccion pedidos plataforma gracias seguir eligiendo productos,factura|pago|descuento|datos|clic
pru_016,spam,un intento de phishing que se hace pasar por un banco,cercano e informal,Tu premio urgente requiere acción inmediata,"Hola, soy Marcos de BanKripto y necesito tu ayuda. Hemos reservado un premio para ti que se activa de inmediato. Por favor, haz clic aquí para confirmar tu identidad. Este proceso es urgente para no perder el beneficio. Gracias por tu colaboración.",premio urgente requiere accion inmediata hola soy marcos bankripto necesito ayuda hemos reservado premio activa inmediato favor haz clic aqui confirmar identidad proceso urgente no perder beneficio gracias colaboracion,premio|urgente|inmediato|clic
pru_017,spam,un sorteo o lotería falsa que asegura que la persona ganó algo,cercano e informal,Tu premio te espera,"Oye, te han asignado un premio en la lotería de Solaris Tech. Para activar tu acceso inmediato, necesitas revisar la factura de tu cuenta y completar el pago de los gastos de gestión. ¡No lo dejes pasar!",premio espera oye asignado premio loteria solaris tech activar acceso inmediato necesitas revisar factura cuenta completar pago gastos gestion no dejes pasar,premio|inmediato|factura|cuenta|pago
pru_018,ham,un correo de trabajo entre colegas,cercano e informal,Revisión del informe y factura,"Hola, ¿cómo vas? Necesito que revises el informe final que subí a la carpeta compartida del equipo. Además, te paso la factura del proveedor para que la confirmes antes de fin de mes. Dime si eres el ganador de la votación interna de la comunidad sobre el nuevo logo. Aprovecha este acceso exclusivo para validar los detalles antes de enviarlo. Si todo está en orden, mándame un mensaje para cerrarlo.",revision informe factura hola vas necesito revises informe final subi carpeta compartida equipo ademas paso factura proveedor confirmes antes fin mes dime eres ganador votacion interna comunidad sobre nuevo logo aprovecha acceso exclusivo validar detalles antes enviarlo todo orden mandame mensaje cerrarlo,ganador|exclusivo|comunidad|informe|equipo|factura
pru_019,spam,un sorteo o lotería falsa que asegura que la persona ganó algo,cercano e informal,Tu suerte llegó con ZetaWin,"¡Hola! Aquí te damos nuestras felicitaciones por haber sido elegido en el sorteo de ZetaWin. Todo esto es completamente gratis para ti, solo por participar. Para confirmar tu identidad, haz clic aquí y completa los pasos de verificación. Recuerda que para finalizar el proceso debes ingresa tu contraseña de forma segura. Te esperamos para cerrar este ciclo de suerte.",suerte llego zetawin hola aqui damos felicitaciones haber sido elegido sorteo zetawin todo completamente gratis solo participar confirmar identidad haz clic aqui completa pasos verificacion recuerda finalizar proceso debes ingresa contraseña forma segura esperamos cerrar ciclo suerte,felicitaciones|gratis|clic|contraseña
pru_020,spam,un cobro falso para que la persona pague o entregue información,formal,Aviso urgente sobre tu factura,"Detectamos una irregularidad en la gestión de tu cuenta con la empresa Vortex Soluciones. Te requerimos confirmar los detalles de la factura dentro de las próximas 24 horas para evitar sanciones. Si no realizas esta verificación, se aplicarán cargos adicionales a tu nombre. Por favor, revisa el estado actual y responde con la información solicitada. Gracias por tu colaboración en este proceso.",aviso urgente sobre factura detectamos irregularidad gestion cuenta empresa vortex soluciones requerimos confirmar detalles factura dentro proximas 24 horas evitar sanciones no realizas verificacion aplicaran cargos adicionales nombre favor revisa estado actual responde informacion solicitada gracias colaboracion proceso,urgente|factura|cuenta
