id,etiqueta_real,n_palabras_clave,orden0_P_spam,orden0_prediccion,orden1_P_spam,orden1_prediccion
caso_1,spam,6,1.0,spam,1.0,spam
caso_2,ham,5,0.0087,ham,0.2775,ham
caso_3,ham,5,0.9861,spam,0.0018,ham
pru_001,ham,6,0.001,ham,0.3931,ham
pru_002,ham,4,0.016,ham,0.0343,ham
pru_003,spam,3,0.9984,spam,0.9965,spam
pru_004,ham,4,0.0027,ham,0.1342,ham
pru_005,spam,5,1.0,spam,0.9978,spam
pru_006,spam,7,1.0,spam,1.0,spam
pru_007,ham,1,0.2119,ham,0.5972,spam
pru_008,spam,4,0.9915,spam,0.9835,spam
pru_009,ham,4,0.2466,ham,0.1119,ham
pru_010,spam,6,0.9996,spam,0.817,spam
pru_011,spam,6,1.0,spam,0.9999,spam
pru_012,spam,3,0.6371,spam,0.9584,spam
pru_013,ham,3,0.0113,ham,0.275,ham
pru_014,spam,4,1.0,spam,0.9981,spam
pru_015,ham,5,0.4765,ham,0.0134,ham
pru_016,spam,4,0.9997,spam,0.9916,spam
pru_017,spam,5,0.9833,spam,0.9874,spam
pru_018,ham,6,0.2059,ham,0.9898,spam
pru_019,spam,4,0.9957,spam,0.9987,spam
pru_020,spam,3,0.9625,spam,0.9632,spam
