palabra,tipo_diseno,n_spam,n_ham,P(w|Spam),P(w|Ham),razon_verosimilitud,P(Spam|w),diseno_p_spam,diseno_p_ham
urgente,spam,33,0,0.2787,0.0122,22.852,0.9717,0.35,0.05
felicitaciones,spam,28,0,0.2377,0.0122,19.492,0.9669,0.3,0.04
ganador,spam,50,1,0.418,0.0244,17.139,0.9626,0.35,0.02
premio,spam,34,1,0.2869,0.0244,11.762,0.9464,0.35,0.04
dinero,spam,34,1,0.2869,0.0244,11.762,0.9464,0.3,0.03
exclusivo,spam,29,2,0.2459,0.0366,6.721,0.9098,0.25,0.05
gratis,spam,56,5,0.4672,0.0732,6.385,0.9055,0.4,0.06
inmediato,spam,37,3,0.3115,0.0488,6.385,0.9055,0.3,0.04
regalo,spam,24,4,0.2049,0.061,3.361,0.8345,0.25,0.05
datos,ambigua,45,18,0.377,0.2317,1.627,0.7094,0.3,0.25
clic,ambigua,35,16,0.2951,0.2073,1.423,0.681,0.3,0.2
cuenta,neutra,45,29,0.377,0.3659,1.031,0.6072,0.35,0.35
contraseña,ambigua,17,13,0.1475,0.1707,0.864,0.5645,0.2,0.15
factura,neutra,26,24,0.2213,0.3049,0.726,0.5213,0.25,0.25
pago,neutra,26,25,0.2213,0.3171,0.698,0.5115,0.25,0.25
descuento,neutra,19,25,0.1639,0.3171,0.517,0.4368,0.2,0.2
politicas,ham,3,14,0.0328,0.1829,0.179,0.2119,0.04,0.25
equipo,ham,4,23,0.041,0.2927,0.14,0.1736,0.05,0.3
comunidad,ham,4,26,0.041,0.3293,0.124,0.1573,0.03,0.3
informe,ham,2,16,0.0246,0.2073,0.119,0.151,0.03,0.3
reunion,ham,2,28,0.0246,0.3537,0.07,0.0944,0.02,0.3
