anterior,palabra,n_spam,n_ham,"P(w|ant,Spam)","P(w|ant,Ham)",razon_verosimilitud
da,clic,19,0,0.01711,0.00087,19.692
haz,clic,16,0,0.01458,0.00087,16.781
hagas,clic,0,10,0.00087,0.00947,0.092
hacer,clic,0,6,0.00087,0.00606,0.143
parte,comunidad,0,6,0.00087,0.00605,0.143
informe,comunidad,0,2,0.00087,0.00257,0.338
especial,comunidad,0,1,0.00086,0.00173,0.497
inusual,comunidad,0,1,0.00087,0.00172,0.504
mensual,comunidad,0,1,0.00087,0.00174,0.501
estado,comunidad,0,1,0.00086,0.00173,0.5
avances,comunidad,0,1,0.00087,0.00174,0.5
traves,comunidad,0,1,0.00087,0.00173,0.5
novedades,comunidad,0,1,0.00087,0.00173,0.503
toda,comunidad,1,0,0.00174,0.00087,2.0
escribo,comunidad,0,1,0.00087,0.00173,0.501
participante,comunidad,1,0,0.00174,0.00087,1.998
charlar,comunidad,0,1,0.00087,0.00174,0.5
pedido,comunidad,0,1,0.00087,0.00170,0.511
factura,comunidad,0,1,0.00085,0.00169,0.502
revises,comunidad,0,1,0.00086,0.00171,0.504
recordarte,comunidad,0,1,0.00087,0.00173,0.502
proyecto,comunidad,0,1,0.00087,0.00174,0.5
recuerda,comunidad,0,1,0.00087,0.00170,0.509
importante,comunidad,0,1,0.00087,0.00174,0.5
contratamos,comunidad,0,1,0.00087,0.00174,0.5
gratis,comunidad,0,1,0.00083,0.00173,0.478
exclusivo,comunidad,1,0,0.00168,0.00087,1.939
perfil,comunidad,0,1,0.00086,0.00172,0.5
plataforma,comunidad,0,1,0.00087,0.00173,0.501
resumen,comunidad,0,1,0.00087,0.00172,0.504
sabemos,comunidad,0,1,0.00087,0.00173,0.501
acceso,comunidad,1,0,0.00166,0.00086,1.924
urgente,comunidad,1,0,0.00168,0.00087,1.934
actividades,comunidad,0,1,0.00087,0.00173,0.501
compartas,contraseña,0,9,0.00087,0.00863,0.101
ingresa,contraseña,9,0,0.00863,0.00087,9.922
confirma,contraseña,8,0,0.00749,0.00086,8.715
cambia,contraseña,0,4,0.00087,0.00433,0.201
revisa,cuenta,6,3,0.00589,0.00340,1.729
verificacion,cuenta,6,0,0.00593,0.00087,6.834
inusual,cuenta,1,4,0.00174,0.00431,0.403
sobre,cuenta,3,1,0.00344,0.00173,1.988
estado,cuenta,1,2,0.00173,0.00259,0.666
porque,cuenta,3,0,0.00343,0.00087,3.952
factura,cuenta,1,2,0.00170,0.00254,0.669
exclusivo,cuenta,2,0,0.00253,0.00087,2.909
confirmar,cuenta,2,0,0.00254,0.00086,2.959
activar,cuenta,2,0,0.00257,0.00087,2.954
politicas,cuenta,0,2,0.00087,0.00258,0.337
confirma,cuenta,2,0,0.00250,0.00086,2.905
nueva,cuenta,0,2,0.00087,0.00260,0.333
disponible,cuenta,0,2,0.00087,0.00258,0.335
seguridad,cuenta,0,2,0.00086,0.00254,0.34
inmediato,cuenta,2,0,0.00251,0.00087,2.897
pago,cuenta,2,0,0.00255,0.00085,3.005
bloqueo,cuenta,1,0,0.00173,0.00087,1.993
tenemos,cuenta,0,1,0.00087,0.00173,0.501
detectado,cuenta,1,0,0.00174,0.00087,2.009
actualizacion,cuenta,0,1,0.00087,0.00173,0.502
sepas,cuenta,0,1,0.00087,0.00174,0.5
felicitaciones,cuenta,1,0,0.00169,0.00087,1.941
situacion,cuenta,1,0,0.00172,0.00087,1.979
accede,cuenta,1,0,0.00174,0.00087,1.998
problemas,cuenta,1,0,0.00173,0.00087,1.995
compra,cuenta,0,1,0.00087,0.00169,0.513
seguimiento,cuenta,0,1,0.00087,0.00173,0.503
notificacion,cuenta,1,0,0.00169,0.00087,1.948
configuracion,cuenta,0,1,0.00087,0.00174,0.5
descuento,cuenta,1,0,0.00171,0.00085,2.009
activado,cuenta,0,1,0.00087,0.00174,0.501
verifica,cuenta,1,0,0.00173,0.00087,1.997
considerable,cuenta,1,0,0.00174,0.00087,1.998
asignado,cuenta,1,0,0.00173,0.00087,1.995
hagas,cuenta,0,1,0.00087,0.00172,0.504
autorizado,cuenta,1,0,0.00174,0.00087,2.002
revisar,cuenta,1,0,0.00173,0.00086,2.014
extraños,cuenta,0,1,0.00087,0.00174,0.5
detalles,cuenta,1,0,0.00172,0.00086,2.005
contraseña,cuenta,0,1,0.00086,0.00172,0.498
regularizar,cuenta,1,0,0.00173,0.00087,1.995
verificar,cuenta,1,0,0.00173,0.00087,1.995
proteger,cuenta,1,0,0.00173,0.00087,1.993
aviso,cuenta,1,0,0.00170,0.00087,1.958
ajustar,cuenta,0,1,0.00087,0.00174,0.5
actualizo,cuenta,0,1,0.00087,0.00174,0.5
desconocida,cuenta,0,1,0.00087,0.00174,0.5
mantener,cuenta,1,0,0.00173,0.00086,2.002
interesante,cuenta,1,0,0.00174,0.00087,1.998
actualizada,cuenta,0,1,0.00087,0.00173,0.501
registrado,cuenta,0,1,0.00087,0.00173,0.502
esperando,cuenta,1,0,0.00173,0.00087,1.995
acceso,cuenta,1,0,0.00166,0.00086,1.924
urgente,cuenta,1,0,0.00168,0.00087,1.934
vinculado,cuenta,1,0,0.00174,0.00087,1.998
<inicio>,cuenta,1,0,0.00157,0.00081,1.937
sorpresa,cuenta,1,0,0.00174,0.00087,1.997
revision,cuenta,0,1,0.00087,0.00173,0.501
atipica,cuenta,0,1,0.00087,0.00174,0.5
confirma,datos,18,1,0.01581,0.00172,9.2
envia,datos,15,0,0.01355,0.00087,15.648
actualiza,datos,13,0,0.01204,0.00087,13.844
protegemos,datos,0,11,0.00087,0.01034,0.084
pediremos,datos,0,7,0.00087,0.00691,0.126
ingrese,datos,1,0,0.00174,0.00087,1.998
revision,datos,0,1,0.00087,0.00173,0.501
aplicar,descuento,2,8,0.00260,0.00777,0.335
tienes,descuento,2,3,0.00256,0.00340,0.752
aplicamos,descuento,0,3,0.00087,0.00347,0.251
aplica,descuento,1,2,0.00174,0.00260,0.667
activar,descuento,3,0,0.00342,0.00087,3.938
cuenta,descuento,1,1,0.00166,0.00168,0.983
informamos,descuento,1,1,0.00173,0.00174,0.997
felicitaciones,descuento,2,0,0.00253,0.00087,2.911
aprovecha,descuento,0,2,0.00087,0.00260,0.334
proceso,descuento,0,1,0.00084,0.00173,0.485
otorgara,descuento,1,0,0.00174,0.00087,1.998
darte,descuento,1,0,0.00173,0.00087,1.995
pago,descuento,0,1,0.00085,0.00170,0.501
aplicado,descuento,0,1,0.00087,0.00173,0.501
acumula,descuento,1,0,0.00174,0.00087,1.998
<inicio>,descuento,0,1,0.00079,0.00163,0.484
recuerda,descuento,0,1,0.00087,0.00170,0.509
ganador,descuento,1,0,0.00166,0.00087,1.907
preparado,descuento,0,1,0.00087,0.00173,0.501
ganga,descuento,1,0,0.00174,0.00087,1.998
recibir,descuento,1,0,0.00172,0.00087,1.979
aplicara,descuento,1,0,0.00174,0.00087,2.0
tiene,descuento,1,0,0.00174,0.00087,1.998
aplicaras,descuento,1,0,0.00174,0.00087,1.998
activado,descuento,0,1,0.00087,0.00174,0.501
obtendras,descuento,1,0,0.00174,0.00087,1.998
recibir,dinero,4,0,0.00430,0.00087,4.948
ganador,dinero,2,0,0.00249,0.00087,2.861
premio,dinero,2,0,0.00252,0.00087,2.897
obtener,dinero,2,0,0.00260,0.00087,2.987
confirmar,dinero,2,0,0.00254,0.00086,2.959
bono,dinero,1,0,0.00173,0.00087,1.995
confirmes,dinero,1,0,0.00172,0.00087,1.983
movimiento,dinero,1,0,0.00174,0.00087,2.0
sistema,dinero,0,1,0.00086,0.00173,0.498
reclames,dinero,1,0,0.00174,0.00087,1.998
tanto,dinero,1,0,0.00174,0.00087,1.997
ningun,dinero,1,0,0.00174,0.00087,1.997
millonaria,dinero,1,0,0.00174,0.00087,1.998
segura,dinero,1,0,0.00174,0.00087,1.998
aviso,dinero,1,0,0.00170,0.00087,1.958
liberar,dinero,1,0,0.00173,0.00087,1.991
mantener,dinero,1,0,0.00173,0.00086,2.002
asignacion,dinero,1,0,0.00174,0.00087,1.997
todo,dinero,1,0,0.00173,0.00087,2.003
acceder,dinero,1,0,0.00173,0.00087,1.997
gestiones,dinero,1,0,0.00174,0.00087,1.998
proteger,dinero,1,0,0.00173,0.00087,1.993
gastar,dinero,1,0,0.00174,0.00087,1.998
ver,dinero,1,0,0.00174,0.00087,2.003
restricciones,dinero,1,0,0.00174,0.00087,1.997
problemas,dinero,1,0,0.00173,0.00087,1.995
recepcion,dinero,1,0,0.00174,0.00087,1.997
cobro,dinero,1,0,0.00173,0.00087,1.995
pierdas,dinero,1,0,0.00173,0.00087,1.99
aqui,equipo,0,2,0.00086,0.00260,0.33
reunion,equipo,0,2,0.00087,0.00253,0.343
cuenta,equipo,0,2,0.00083,0.00253,0.328
ganador,equipo,2,0,0.00249,0.00087,2.861
hola,equipo,0,2,0.00085,0.00253,0.337
encontraras,equipo,0,1,0.00087,0.00174,0.501
envio,equipo,0,1,0.00085,0.00172,0.496
almacen,equipo,0,1,0.00087,0.00174,0.501
genero,equipo,0,1,0.00087,0.00174,0.5
final,equipo,0,1,0.00087,0.00174,0.5
compras,equipo,0,1,0.00087,0.00173,0.502
seguridad,equipo,0,1,0.00086,0.00169,0.51
panel,equipo,1,0,0.00173,0.00087,1.997
avisarte,equipo,0,1,0.00087,0.00173,0.502
entrar,equipo,0,1,0.00087,0.00174,0.5
aplicables,equipo,0,1,0.00087,0.00174,0.5
comunidad,equipo,0,1,0.00087,0.00170,0.51
acciones,equipo,0,1,0.00087,0.00174,0.5
kaelor,equipo,1,0,0.00174,0.00087,1.997
perfil,equipo,0,1,0.00086,0.00172,0.5
correctamente,equipo,0,1,0.00087,0.00172,0.505
proceso,equipo,0,1,0.00084,0.00173,0.485
jueves,equipo,0,1,0.00087,0.00174,0.5
politicas,equipo,0,1,0.00087,0.00172,0.505
acceso,exclusivo,32,2,0.02739,0.00259,10.58
premio,exclusivo,4,0,0.00419,0.00087,4.828
regalo,exclusivo,1,0,0.00170,0.00087,1.961
plan,exclusivo,1,0,0.00174,0.00087,1.998
proceso,exclusivo,1,0,0.00168,0.00086,1.941
revises,factura,2,6,0.00259,0.00599,0.432
revisa,factura,5,2,0.00505,0.00255,1.976
sobre,factura,2,1,0.00258,0.00173,1.491
revisar,factura,2,1,0.00260,0.00172,1.51
revision,factura,0,3,0.00087,0.00345,0.251
validar,factura,2,0,0.00260,0.00087,2.99
factura,factura,2,0,0.00255,0.00085,3.01
detalles,factura,0,2,0.00086,0.00258,0.334
pago,factura,0,2,0.00085,0.00255,0.334
ninguna,factura,1,1,0.00174,0.00174,0.999
verifica,factura,1,0,0.00173,0.00087,1.997
descargar,factura,0,1,0.00087,0.00174,0.501
informacion,factura,1,0,0.00172,0.00087,1.985
regularizar,factura,1,0,0.00173,0.00087,1.995
generado,factura,0,1,0.00087,0.00174,0.5
generamos,factura,0,1,0.00087,0.00174,0.5
informe,factura,0,1,0.00087,0.00171,0.507
nueva,factura,1,0,0.00173,0.00087,2.0
encontraras,factura,0,1,0.00087,0.00174,0.501
tienes,factura,0,1,0.00085,0.00170,0.501
verificacion,factura,0,1,0.00085,0.00173,0.488
cuenta,factura,0,1,0.00083,0.00168,0.492
inmediato,factura,0,1,0.00084,0.00173,0.483
recuerda,factura,0,1,0.00087,0.00170,0.509
emitir,factura,1,0,0.00174,0.00087,1.998
enviamos,factura,0,1,0.00087,0.00173,0.502
completar,factura,1,0,0.00169,0.00087,1.953
exclusivo,factura,1,0,0.00168,0.00087,1.939
enviaremos,factura,1,0,0.00174,0.00087,1.998
participacion,factura,1,0,0.00174,0.00087,1.997
confirmar,factura,1,0,0.00169,0.00086,1.973
procesado,factura,0,1,0.00087,0.00173,0.502
reunion,factura,0,1,0.00087,0.00169,0.514
activar,factura,1,0,0.00171,0.00087,1.969
<inicio>,factura,1,0,0.00157,0.00081,1.937
especial,factura,0,1,0.00086,0.00173,0.497
<inicio>,felicitaciones,9,0,0.00787,0.00081,9.685
recibe,felicitaciones,3,0,0.00347,0.00087,3.99
aduanera,felicitaciones,2,0,0.00260,0.00087,2.987
recibimos,felicitaciones,2,0,0.00260,0.00087,2.992
oye,felicitaciones,1,0,0.00173,0.00087,1.988
recibiras,felicitaciones,1,0,0.00173,0.00087,1.993
aviso,felicitaciones,1,0,0.00170,0.00087,1.958
buenas,felicitaciones,1,0,0.00174,0.00087,1.998
sorpresa,felicitaciones,1,0,0.00174,0.00087,1.997
gratis,felicitaciones,1,0,0.00165,0.00087,1.911
exito,felicitaciones,1,0,0.00174,0.00087,2.002
recibido,felicitaciones,1,0,0.00174,0.00087,1.997
aduana,felicitaciones,1,0,0.00171,0.00087,1.961
hacemos,felicitaciones,1,0,0.00174,0.00087,1.998
urgente,felicitaciones,1,0,0.00168,0.00087,1.934
darte,felicitaciones,1,0,0.00173,0.00087,1.995
hola,felicitaciones,1,0,0.00171,0.00084,2.02
notificacion,felicitaciones,1,0,0.00169,0.00087,1.948
ganaste,felicitaciones,1,0,0.00174,0.00087,1.997
labs,felicitaciones,1,0,0.00173,0.00087,1.995
espera,felicitaciones,1,0,0.00172,0.00087,1.983
premio,felicitaciones,1,0,0.00168,0.00087,1.931
recibes,felicitaciones,1,0,0.00174,0.00087,2.002
eres,ganador,49,1,0.04170,0.00174,24.02
seleccionado,ganador,4,0,0.00431,0.00087,4.957
urgente,ganador,3,0,0.00336,0.00087,3.869
ser,ganador,1,0,0.00173,0.00087,2.0
premio,gratis,13,0,0.01174,0.00087,13.518
regalo,gratis,9,0,0.00850,0.00087,9.805
dinero,gratis,7,0,0.00676,0.00087,7.777
descuento,gratis,3,0,0.00341,0.00085,4.017
beneficio,gratis,2,0,0.00260,0.00087,2.99
informe,gratis,1,1,0.00174,0.00171,1.015
completamente,gratis,2,0,0.00260,0.00087,2.992
acceso,gratis,2,0,0.00249,0.00086,2.885
proceso,gratis,2,0,0.00251,0.00086,2.912
revision,gratis,2,0,0.00260,0.00086,3.008
confirmes,gratis,1,0,0.00172,0.00087,1.983
servicios,gratis,1,0,0.00174,0.00087,2.0
valor,gratis,1,0,0.00173,0.00087,1.995
seleccionado,gratis,0,1,0.00086,0.00174,0.496
siempre,gratis,0,1,0.00087,0.00173,0.501
tramite,gratis,1,0,0.00173,0.00087,1.991
objeto,gratis,1,0,0.00174,0.00087,1.998
servicio,gratis,0,1,0.00087,0.00173,0.5
realiza,gratis,1,0,0.00174,0.00087,1.997
cupon,gratis,1,0,0.00174,0.00087,1.998
todo,gratis,1,0,0.00173,0.00087,2.003
liberacion,gratis,1,0,0.00174,0.00087,1.997
totalmente,gratis,1,0,0.00174,0.00087,1.998
envio,gratis,1,0,0.00171,0.00086,1.983
verificacion,gratis,0,1,0.00085,0.00173,0.488
moverlo,gratis,1,0,0.00174,0.00087,1.998
pago,gratis,1,0,0.00170,0.00085,2.003
exclusivo,gratis,1,0,0.00168,0.00087,1.939
equipo,gratis,1,0,0.00173,0.00085,2.035
viaje,gratis,1,0,0.00174,0.00087,1.998
ofertas,gratis,1,0,0.00174,0.00087,2.0
premium,gratis,1,0,0.00174,0.00087,1.998
bono,gratis,1,0,0.00173,0.00087,1.995
revisar,informe,0,2,0.00087,0.00258,0.336
pido,informe,1,0,0.00173,0.00087,1.995
obtener,informe,1,0,0.00173,0.00087,1.991
compartir,informe,0,1,0.00087,0.00174,0.5
pendiente,informe,0,1,0.00086,0.00173,0.497
factura,informe,0,1,0.00085,0.00169,0.502
compartimos,informe,0,1,0.00087,0.00174,0.5
revises,informe,0,1,0.00086,0.00171,0.504
enviaremos,informe,0,1,0.00087,0.00174,0.5
<inicio>,informe,0,1,0.00079,0.00163,0.484
coincide,informe,0,1,0.00087,0.00174,0.5
enviamos,informe,0,1,0.00087,0.00173,0.502
envia,informe,0,1,0.00085,0.00173,0.489
preparamos,informe,0,1,0.00087,0.00174,0.5
revisa,informe,0,1,0.00084,0.00170,0.494
avanzar,informe,0,1,0.00087,0.00173,0.501
datos,informe,0,1,0.00084,0.00171,0.488
enviarte,informe,0,1,0.00087,0.00174,0.5
revision,informe,0,1,0.00087,0.00173,0.501
recibiras,informe,0,1,0.00087,0.00174,0.498
acceso,inmediato,16,2,0.01411,0.00259,5.45
factura,inmediato,3,0,0.00340,0.00085,4.014
identidad,inmediato,3,0,0.00339,0.00087,3.908
actuar,inmediato,2,0,0.00260,0.00087,2.984
resolverlo,inmediato,2,0,0.00260,0.00087,2.992
pago,inmediato,2,0,0.00255,0.00085,3.005
gratis,inmediato,2,0,0.00248,0.00087,2.866
interes,inmediato,2,0,0.00260,0.00087,2.997
tramite,inmediato,2,0,0.00260,0.00087,2.987
descuento,inmediato,1,0,0.00171,0.00085,2.009
caracter,inmediato,1,0,0.00173,0.00087,1.993
accion,inmediato,1,0,0.00173,0.00087,1.988
procesara,inmediato,1,0,0.00174,0.00087,1.998
confirmas,inmediato,1,0,0.00174,0.00087,1.997
avisarte,inmediato,0,1,0.00087,0.00173,0.502
cuenta,inmediato,1,0,0.00166,0.00084,1.967
liberarlo,inmediato,1,0,0.00173,0.00087,1.986
proceso,inmediato,0,1,0.00084,0.00173,0.485
datos,inmediato,1,0,0.00167,0.00086,1.953
urgente,inmediato,1,0,0.00168,0.00087,1.934
solucion,inmediato,1,0,0.00174,0.00087,1.998
bono,inmediato,1,0,0.00173,0.00087,1.995
validacion,inmediato,1,0,0.00173,0.00087,1.988
resolucion,inmediato,1,0,0.00174,0.00087,1.998
actues,inmediato,1,0,0.00173,0.00087,1.995
confirmar,pago,5,4,0.00508,0.00429,1.184
ultimo,pago,0,4,0.00087,0.00433,0.201
intento,pago,1,2,0.00174,0.00260,0.668
factura,pago,2,0,0.00255,0.00085,3.01
hacer,pago,2,0,0.00260,0.00087,3.01
confirmes,pago,2,0,0.00258,0.00087,2.974
realizar,pago,2,0,0.00260,0.00087,2.992
realices,pago,2,0,0.00260,0.00087,2.995
hagas,pago,1,0,0.00174,0.00086,2.017
compras,pago,0,1,0.00087,0.00173,0.502
nubeverde,pago,0,1,0.00087,0.00174,0.501
garantizar,pago,0,1,0.00087,0.00174,0.501
detalles,pago,0,1,0.00086,0.00172,0.501
cuenta,pago,0,1,0.00083,0.00168,0.492
completar,pago,1,0,0.00169,0.00087,1.953
finanzas,pago,1,0,0.00174,0.00087,1.998
mantener,pago,1,0,0.00173,0.00086,2.002
disponibles,pago,0,1,0.00087,0.00174,0.501
registrado,pago,0,1,0.00087,0.00173,0.502
reunion,pago,0,1,0.00087,0.00169,0.514
activar,pago,1,0,0.00171,0.00087,1.969
viene,pago,1,0,0.00174,0.00087,1.998
hola,pago,0,1,0.00085,0.00169,0.505
asegurar,pago,0,1,0.00087,0.00174,0.498
envia,pago,1,0,0.00169,0.00087,1.956
store,pago,0,1,0.00087,0.00173,0.501
ganador,pago,1,0,0.00166,0.00087,1.907
cualquier,pago,0,1,0.00087,0.00173,0.503
verifica,pago,0,1,0.00087,0.00174,0.499
sobre,pago,1,0,0.00172,0.00086,1.988
confirma,pago,0,1,0.00083,0.00172,0.484
haz,pago,0,1,0.00086,0.00174,0.494
estado,pago,0,1,0.00086,0.00173,0.5
procesar,pago,1,0,0.00174,0.00087,1.998
realiza,pago,1,0,0.00174,0.00087,1.997
descuento,pago,0,1,0.00085,0.00170,0.502
segun,politicas,1,2,0.00173,0.00260,0.666
revisar,politicas,0,3,0.00087,0.00344,0.252
revisa,politicas,1,1,0.00168,0.00170,0.988
sobre,politicas,1,1,0.00172,0.00173,0.994
nuevas,politicas,0,2,0.00087,0.00260,0.334
actualizacion,politicas,0,1,0.00087,0.00173,0.502
consulta,politicas,0,1,0.00087,0.00174,0.5
actualizado,politicas,0,1,0.00087,0.00174,0.501
proximo,politicas,0,1,0.00087,0.00173,0.502
siguen,politicas,0,1,0.00087,0.00174,0.5
verificar,politicas,0,1,0.00086,0.00173,0.499
parte,politicas,1,0,0.00173,0.00086,2.002
ganador,premio,14,0,0.01243,0.00087,14.304
<inicio>,premio,4,0,0.00394,0.00081,4.843
recibir,premio,3,0,0.00344,0.00087,3.959
recibiras,premio,2,0,0.00260,0.00087,2.99
tienes,premio,2,0,0.00256,0.00085,3.008
inmediato,premio,2,0,0.00251,0.00087,2.897
reclamar,premio,2,0,0.00260,0.00087,2.984
porque,premio,2,0,0.00257,0.00087,2.964
activar,premio,1,0,0.00171,0.00087,1.969
tocado,premio,1,0,0.00174,0.00087,1.998
notificacion,premio,1,0,0.00169,0.00087,1.948
asociada,premio,1,0,0.00173,0.00087,1.991
soluciones,premio,1,0,0.00174,0.00087,1.998
ademas,premio,0,1,0.00087,0.00172,0.503
ningun,premio,1,0,0.00174,0.00087,1.997
ganaste,premio,1,0,0.00174,0.00087,1.997
exclusivo,premio,1,0,0.00168,0.00087,1.939
felicitaciones,premio,1,0,0.00169,0.00087,1.941
seleccione,premio,1,0,0.00174,0.00087,1.998
asegura,premio,1,0,0.00174,0.00087,1.997
recibiras,regalo,3,0,0.00346,0.00087,3.986
<inicio>,regalo,2,0,0.00236,0.00081,2.906
ganador,regalo,2,0,0.00249,0.00087,2.861
felicitaciones,regalo,2,0,0.00253,0.00087,2.911
dinero,regalo,2,0,0.00253,0.00087,2.916
recibir,regalo,2,0,0.00258,0.00087,2.969
tienes,regalo,1,1,0.00171,0.00170,1.003
reclamar,regalo,2,0,0.00260,0.00087,2.984
pago,regalo,0,1,0.00085,0.00170,0.501
gratis,regalo,1,0,0.00165,0.00087,1.911
mediante,regalo,1,0,0.00174,0.00087,1.997
asignado,regalo,1,0,0.00173,0.00087,1.995
activar,regalo,1,0,0.00171,0.00087,1.969
reclama,regalo,1,0,0.00174,0.00087,1.998
entregamos,regalo,1,0,0.00174,0.00087,1.998
incluye,regalo,1,0,0.00174,0.00087,1.998
asociada,regalo,1,0,0.00173,0.00087,1.991
fue,regalo,0,1,0.00087,0.00173,0.501
guarda,regalo,0,1,0.00087,0.00174,0.501
ofrecemos,regalo,1,0,0.00174,0.00087,1.998
obtienes,regalo,1,0,0.00174,0.00087,1.998
pendiente,regalo,1,0,0.00172,0.00086,1.99
perfil,regalo,1,0,0.00172,0.00086,2.0
lealtad,regalo,1,0,0.00174,0.00087,2.0
aprovecha,regalo,1,0,0.00174,0.00087,2.005
proxima,reunion,0,4,0.00087,0.00432,0.201
antes,reunion,0,3,0.00086,0.00344,0.25
agenda,reunion,0,2,0.00087,0.00260,0.334
agendar,reunion,0,2,0.00087,0.00260,0.334
<inicio>,reunion,0,1,0.00079,0.00163,0.484
vienes,reunion,0,1,0.00087,0.00174,0.5
esperamos,reunion,1,0,0.00173,0.00087,2.0
coordinando,reunion,0,1,0.00087,0.00174,0.5
invitacion,reunion,0,1,0.00087,0.00174,0.5
ganador,reunion,1,0,0.00166,0.00087,1.907
notas,reunion,0,1,0.00087,0.00174,0.5
tenemos,reunion,0,1,0.00087,0.00173,0.501
sobre,reunion,0,1,0.00086,0.00173,0.497
convocamos,reunion,0,1,0.00087,0.00174,0.5
contactara,reunion,0,1,0.00087,0.00174,0.5
internos,reunion,0,1,0.00087,0.00174,0.5
organizar,reunion,0,1,0.00087,0.00174,0.5
seguimiento,reunion,0,1,0.00087,0.00173,0.503
solicitar,reunion,0,1,0.00087,0.00174,0.5
recibiras,reunion,0,1,0.00087,0.00174,0.498
preparacion,reunion,0,1,0.00087,0.00174,0.5
calma,reunion,0,1,0.00087,0.00174,0.5
detectamos,reunion,0,1,0.00086,0.00173,0.5
recordarte,reunion,0,1,0.00087,0.00173,0.502
ultima,reunion,0,1,0.00087,0.00173,0.502
detalles,reunion,0,1,0.00086,0.00172,0.501
tienes,reunion,0,1,0.00085,0.00170,0.501
confirmamos,reunion,0,1,0.00087,0.00173,0.5
participaras,reunion,0,1,0.00087,0.00174,0.5
parte,reunion,0,1,0.00087,0.00173,0.5
detallar,reunion,0,1,0.00087,0.00174,0.5
resumen,reunion,0,1,0.00087,0.00172,0.504
aviso,urgente,11,0,0.01019,0.00087,11.745
notificacion,urgente,6,0,0.00591,0.00087,6.817
<inicio>,urgente,4,0,0.00394,0.00081,4.843
caracter,urgente,3,0,0.00347,0.00087,3.986
proceso,urgente,2,0,0.00251,0.00086,2.912
forma,urgente,2,0,0.00260,0.00087,2.992
accion,urgente,2,0,0.00259,0.00087,2.982
atencion,urgente,2,0,0.00259,0.00087,2.984
paso,urgente,1,0,0.00173,0.00087,1.993
mensaje,urgente,1,0,0.00174,0.00087,2.002
digo,urgente,1,0,0.00174,0.00087,1.997
pago,urgente,1,0,0.00170,0.00085,2.003
gratis,urgente,1,0,0.00165,0.00087,1.911
alerta,urgente,1,0,0.00174,0.00086,2.012
felicitaciones,urgente,1,0,0.00169,0.00087,1.941
situacion,urgente,1,0,0.00172,0.00087,1.979
seleccionada,urgente,1,0,0.00173,0.00087,1.995
oferta,urgente,1,0,0.00172,0.00087,1.99
bancosficticios,urgente,1,0,0.00174,0.00087,1.998
recomendamos,urgente,1,0,0.00174,0.00087,2.005
